﻿<?xml version="1.0" encoding="UTF-8"?>
<MetaDataObject xmlns="http://v8.1c.ru/8.3/MDClasses" xmlns:app="http://v8.1c.ru/8.2/managed-application/core" xmlns:cfg="http://v8.1c.ru/8.1/data/enterprise/current-config" xmlns:cmi="http://v8.1c.ru/8.2/managed-application/cmi" xmlns:ent="http://v8.1c.ru/8.1/data/enterprise" xmlns:lf="http://v8.1c.ru/8.2/managed-application/logform" xmlns:style="http://v8.1c.ru/8.1/data/ui/style" xmlns:sys="http://v8.1c.ru/8.1/data/ui/fonts/system" xmlns:v8="http://v8.1c.ru/8.1/data/core" xmlns:v8ui="http://v8.1c.ru/8.1/data/ui" xmlns:web="http://v8.1c.ru/8.1/data/ui/colors/web" xmlns:win="http://v8.1c.ru/8.1/data/ui/colors/windows" xmlns:xen="http://v8.1c.ru/8.3/xcf/enums" xmlns:xpr="http://v8.1c.ru/8.3/xcf/predef" xmlns:xr="http://v8.1c.ru/8.3/xcf/readable" xmlns:xs="http://www.w3.org/2001/XMLSchema" xmlns:xsi="http://www.w3.org/2001/XMLSchema-instance" version="2.20">
	<Configuration uuid="ba0b63ee-29a8-4f30-9f9a-451fb7929b56">
		<InternalInfo>
			<xr:ContainedObject>
				<xr:ClassId>9cd510cd-abfc-11d4-9434-004095e12fc7</xr:ClassId>
				<xr:ObjectId>b158ee68-b031-44bc-9b65-0656de7b3558</xr:ObjectId>
			</xr:ContainedObject>
			<xr:ContainedObject>
				<xr:ClassId>9fcd25a0-4822-11d4-9414-008048da11f9</xr:ClassId>
				<xr:ObjectId>9be21842-2b03-4138-a801-baae18581214</xr:ObjectId>
			</xr:ContainedObject>
			<xr:ContainedObject>
				<xr:ClassId>e3687481-0a87-462c-a166-9f34594f9bba</xr:ClassId>
				<xr:ObjectId>643b4c9f-8390-49fd-bd4d-d55f40fc99cc</xr:ObjectId>
			</xr:ContainedObject>
			<xr:ContainedObject>
				<xr:ClassId>9de14907-ec23-4a07-96f0-85521cb6b53b</xr:ClassId>
				<xr:ObjectId>4c224f72-8852-411c-bdfe-ebefcc37eb9a</xr:ObjectId>
			</xr:ContainedObject>
			<xr:ContainedObject>
				<xr:ClassId>51f2d5d8-ea4d-4064-8892-82951750031e</xr:ClassId>
				<xr:ObjectId>a5c6375c-8e99-46ec-8aea-4cee0a424eef</xr:ObjectId>
			</xr:ContainedObject>
			<xr:ContainedObject>
				<xr:ClassId>e68182ea-4237-4383-967f-90c1e3370bc7</xr:ClassId>
				<xr:ObjectId>371dbc82-f1cf-4c1b-93e9-a95ebb0a351c</xr:ObjectId>
			</xr:ContainedObject>
			<xr:ContainedObject>
				<xr:ClassId>fb282519-d103-4dd3-bc12-cb271d631dfc</xr:ClassId>
				<xr:ObjectId>c9d71732-ad0d-4c78-a658-9f7505d9e12c</xr:ObjectId>
			</xr:ContainedObject>
		</InternalInfo>
		<Properties>
			<Name>Колонизаторы</Name>
			<Synonym>
				<v8:item>
					<v8:lang>ru</v8:lang>
					<v8:content>«Колонизаторы»</v8:content>
				</v8:item>
			</Synonym>
			<Comment/>
			<NamePrefix/>
			<ConfigurationExtensionCompatibilityMode>Version8_3_27</ConfigurationExtensionCompatibilityMode>
			<DefaultRunMode>ManagedApplication</DefaultRunMode>
			<UsePurposes>
				<v8:Value xsi:type="app:ApplicationUsePurpose">PlatformApplication</v8:Value>
			</UsePurposes>
			<ScriptVariant>Russian</ScriptVariant>
			<DefaultRoles/>
			<Vendor> Чернавских Владимир Ис-316</Vendor>
			<Version>0.1</Version>
			<UpdateCatalogAddress/>
			<IncludeHelpInContents>false</IncludeHelpInContents>
			<UseManagedFormInOrdinaryApplication>false</UseManagedFormInOrdinaryApplication>
			<UseOrdinaryFormInManagedApplication>false</UseOrdinaryFormInManagedApplication>
			<AdditionalFullTextSearchDictionaries/>
			<CommonSettingsStorage/>
			<ReportsUserSettingsStorage/>
			<ReportsVariantsStorage/>
			<FormDataSettingsStorage/>
			<DynamicListsUserSettingsStorage/>
			<URLExternalDataStorage/>
			<Content/>
			<DefaultReportForm/>
			<DefaultReportVariantForm/>
			<DefaultReportSettingsForm/>
			<DefaultReportAppearanceTemplate/>
			<DefaultDynamicListSettingsForm/>
			<DefaultSearchForm/>
			<DefaultDataHistoryChangeHistoryForm/>
			<DefaultDataHistoryVersionDataForm/>
			<DefaultDataHistoryVersionDifferencesForm/>
			<DefaultCollaborationSystemUsersChoiceForm/>
			<RequiredMobileApplicationPermissions/>
			<UsedMobileApplicationFunctionalities>
				<app:functionality>
					<app:functionality>Biometrics</app:functionality>
					<app:use>true</app:use>
				</app:functionality>
				<app:functionality>
					<app:functionality>Location</app:functionality>
					<app:use>false</app:use>
				</app:functionality>
				<app:functionality>
					<app:functionality>BackgroundLocation</app:functionality>
					<app:use>false</app:use>
				</app:functionality>
				<app:functionality>
					<app:functionality>BluetoothPrinters</app:functionality>
					<app:use>false</app:use>
				</app:functionality>
				<app:functionality>
					<app:functionality>WiFiPrinters</app:functionality>
					<app:use>false</app:use>
				</app:functionality>
				<app:functionality>
					<app:functionality>Contacts</app:functionality>
					<app:use>false</app:use>
				</app:functionality>
				<app:functionality>
					<app:functionality>Calendars</app:functionality>
					<app:use>false</app:use>
				</app:functionality>
				<app:functionality>
					<app:functionality>PushNotifications</app:functionality>
					<app:use>false</app:use>
				</app:functionality>
				<app:functionality>
					<app:functionality>LocalNotifications</app:functionality>
					<app:use>false</app:use>
				</app:functionality>
				<app:functionality>
					<app:functionality>InAppPurchases</app:functionality>
					<app:use>false</app:use>
				</app:functionality>
				<app:functionality>
					<app:functionality>PersonalComputerFileExchange</app:functionality>
					<app:use>false</app:use>
				</app:functionality>
				<app:functionality>
					<app:functionality>Ads</app:functionality>
					<app:use>false</app:use>
				</app:functionality>
				<app:functionality>
					<app:functionality>NumberDialing</app:functionality>
					<app:use>false</app:use>
				</app:functionality>
				<app:functionality>
					<app:functionality>CallProcessing</app:functionality>
					<app:use>false</app:use>
				</app:functionality>
				<app:functionality>
					<app:functionality>CallLog</app:functionality>
					<app:use>false</app:use>
				</app:functionality>
				<app:functionality>
					<app:functionality>AutoSendSMS</app:functionality>
					<app:use>false</app:use>
				</app:functionality>
				<app:functionality>
					<app:functionality>ReceiveSMS</app:functionality>
					<app:use>false</app:use>
				</app:functionality>
				<app:functionality>
					<app:functionality>SMSLog</app:functionality>
					<app:use>false</app:use>
				</app:functionality>
				<app:functionality>
					<app:functionality>Camera</app:functionality>
					<app:use>false</app:use>
				</app:functionality>
				<app:functionality>
					<app:functionality>Microphone</app:functionality>
					<app:use>false</app:use>
				</app:functionality>
				<app:functionality>
					<app:functionality>MusicLibrary</app:functionality>
					<app:use>false</app:use>
				</app:functionality>
				<app:functionality>
					<app:functionality>PictureAndVideoLibraries</app:functionality>
					<app:use>false</app:use>
				</app:functionality>
				<app:functionality>
					<app:functionality>AudioPlaybackAndVibration</app:functionality>
					<app:use>false</app:use>
				</app:functionality>
				<app:functionality>
					<app:functionality>BackgroundAudioPlaybackAndVibration</app:functionality>
					<app:use>false</app:use>
				</app:functionality>
				<app:functionality>
					<app:functionality>InstallPackages</app:functionality>
					<app:use>false</app:use>
				</app:functionality>
				<app:functionality>
					<app:functionality>OSBackup</app:functionality>
					<app:use>true</app:use>
				</app:functionality>
				<app:functionality>
					<app:functionality>ApplicationUsageStatistics</app:functionality>
					<app:use>false</app:use>
				</app:functionality>
				<app:functionality>
					<app:functionality>BarcodeScanning</app:functionality>
					<app:use>false</app:use>
				</app:functionality>
				<app:functionality>
					<app:functionality>BackgroundAudioRecording</app:functionality>
					<app:use>false</app:use>
				</app:functionality>
				<app:functionality>
					<app:functionality>AllFilesAccess</app:functionality>
					<app:use>false</app:use>
				</app:functionality>
				<app:functionality>
					<app:functionality>Videoconferences</app:functionality>
					<app:use>false</app:use>
				</app:functionality>
				<app:functionality>
					<app:functionality>NFC</app:functionality>
					<app:use>false</app:use>
				</app:functionality>
				<app:functionality>
					<app:functionality>DocumentScanning</app:functionality>
					<app:use>false</app:use>
				</app:functionality>
				<app:functionality>
					<app:functionality>SpeechToText</app:functionality>
					<app:use>false</app:use>
				</app:functionality>
				<app:functionality>
					<app:functionality>Geofences</app:functionality>
					<app:use>false</app:use>
				</app:functionality>
				<app:functionality>
					<app:functionality>IncomingShareRequests</app:functionality>
					<app:use>false</app:use>
				</app:functionality>
				<app:functionality>
					<app:functionality>AllIncomingShareRequestsTypesProcessing</app:functionality>
					<app:use>false</app:use>
				</app:functionality>
				<app:functionality>
					<app:functionality>TextToSpeech</app:functionality>
					<app:use>false</app:use>
				</app:functionality>
			</UsedMobileApplicationFunctionalities>
			<StandaloneConfigurationRestrictionRoles/>
			<MobileApplicationURLs/>
			<AllowedIncomingShareRequestTypes/>
			<MainClientApplicationWindowMode>Normal</MainClientApplicationWindowMode>
			<DefaultInterface/>
			<DefaultStyle/>
			<DefaultLanguage>Language.Русский</DefaultLanguage>
			<BriefInformation>
				<v8:item>
					<v8:lang>ru</v8:lang>
					<v8:content>«Catan: Колонизаторы»</v8:content>
				</v8:item>
			</BriefInformation>
			<DetailedInformation>
				<v8:item>
					<v8:lang>ru</v8:lang>
					<v8:content>Настольная игра
«Catan: Колонизаторы»</v8:content>
				</v8:item>
			</DetailedInformation>
			<Copyright>
				<v8:item>
					<v8:lang>ru</v8:lang>
					<v8:content>Студент группы Ис-316 Чернавских В.А.</v8:content>
				</v8:item>
			</Copyright>
			<VendorInformationAddress/>
			<ConfigurationInformationAddress/>
			<DataLockControlMode>Managed</DataLockControlMode>
			<ObjectAutonumerationMode>NotAutoFree</ObjectAutonumerationMode>
			<ModalityUseMode>DontUse</ModalityUseMode>
			<SynchronousPlatformExtensionAndAddInCallUseMode>DontUse</SynchronousPlatformExtensionAndAddInCallUseMode>
			<InterfaceCompatibilityMode>Taxi</InterfaceCompatibilityMode>
			<DatabaseTablespacesUseMode>DontUse</DatabaseTablespacesUseMode>
			<CompatibilityMode>Version8_3_27</CompatibilityMode>
			<DefaultConstantsForm/>
		</Properties>
		<ChildObjects>
			<Language>Русский</Language>
			<CommonPicture>КартаСамоеБольшоеВойско</CommonPicture>
			<CommonPicture>СамыйДлинныйТракт</CommonPicture>
			<CommonPicture>Холм</CommonPicture>
			<CommonPicture>Гора</CommonPicture>
			<CommonPicture>Пашня</CommonPicture>
			<CommonPicture>Пастбище</CommonPicture>
			<CommonPicture>Пустыня</CommonPicture>
			<CommonPicture>Лес</CommonPicture>
			<CommonPicture>КрасныйКубик1</CommonPicture>
			<CommonPicture>КрасныйКубик2</CommonPicture>
			<CommonPicture>КрасныйКубик3</CommonPicture>
			<CommonPicture>КрасныйКубик4</CommonPicture>
			<CommonPicture>КрасныйКубик5</CommonPicture>
			<CommonPicture>КрасныйКубик6</CommonPicture>
			<CommonPicture>ЖелтыйКубик1</CommonPicture>
			<CommonPicture>ЖелтыйКубик2</CommonPicture>
			<CommonPicture>ЖелтыйКубик3</CommonPicture>
			<CommonPicture>ЖелтыйКубик4</CommonPicture>
			<CommonPicture>ЖелтыйКубик5</CommonPicture>
			<CommonPicture>ЖелтыйКубик6</CommonPicture>
			<CommonPicture>Глина</CommonPicture>
			<CommonPicture>Камень</CommonPicture>
			<CommonPicture>Древесина</CommonPicture>
			<CommonPicture>Овца</CommonPicture>
			<CommonPicture>Пшеница</CommonPicture>
			<CommonPicture>Любой</CommonPicture>
			<CommonPicture>Разбойник</CommonPicture>
			<CommonPicture>КрасныйПоселение</CommonPicture>
			<CommonPicture>КрасныйГород</CommonPicture>
			<CommonPicture>ЖелтыйПоселение</CommonPicture>
			<CommonPicture>ЖелтыйГород</CommonPicture>
			<CommonPicture>ЗеленыйПоселение</CommonPicture>
			<CommonPicture>ЗеленыйГород</CommonPicture>
			<CommonPicture>СинийПоселение</CommonPicture>
			<CommonPicture>СинийГород</CommonPicture>
			<CommonPicture>КоричневыйПоселение</CommonPicture>
			<CommonPicture>КоричневыйГород</CommonPicture>
			<CommonPicture>СтрелкаВправо</CommonPicture>
			<CommonPicture>СтрелкаВлево</CommonPicture>
			<CommonPicture>Порт</CommonPicture>
			<CommonPicture>ТекстураДерева</CommonPicture>
			<CommonPicture>ТекстураМоря</CommonPicture>
			<CommonPicture>ФонГлавногоМеню</CommonPicture>
			<CommonPicture>Квадрат</CommonPicture>
			<CommonPicture>ФонВнутреннейТорговли</CommonPicture>
			<CommonPicture>ФонЗаморскойТорговли</CommonPicture>
			<CommonPicture>ОбщаяКарта</CommonPicture>
			<CommonPicture>Рыцарь</CommonPicture>
			<SessionParameter>ТекущийИгрок</SessionParameter>
			<Role>ПолныеПрава</Role>
			<Role>Игрок</Role>
			<CommonTemplate>ГлавноеМеню</CommonTemplate>
			<CommonTemplate>ИгровоеПоле</CommonTemplate>
			<CommonTemplate>ОкноВнутреннейТорговли</CommonTemplate>
			<CommonTemplate>ОкноЗаморскойТорговли</CommonTemplate>
			<CommonModule>ОбщийМодульСервер</CommonModule>
			<CommonModule>РаботаСИгровымПолемКлиент</CommonModule>
			<CommonModule>РаботаСГлавнымМенюСервер</CommonModule>
			<CommonModule>РаботаСЛандшафтамиСервер</CommonModule>
			<CommonModule>РаботаСЛандшафтамиКлиент</CommonModule>
			<Constant>АктивныйИгрок</Constant>
			<CommonForm>ФормаХТМЛ</CommonForm>
			<Catalog>Гексы</Catalog>
			<Catalog>Перекрестки</Catalog>
			<Catalog>Пути</Catalog>
			<Catalog>Строительство</Catalog>
			<Catalog>КартыРазвития</Catalog>
			<Document>ВнутренняяТорговля</Document>
			<Document>ЗаморскаяТорговля</Document>
			<Enum>Ландшафты</Enum>
			<Enum>Игроки</Enum>
			<Enum>Сырье</Enum>
			<Enum>Гавани</Enum>
			<Enum>ОсобыеКарты</Enum>
			<Enum>Цвета</Enum>
			<InformationRegister>РесурсыИгроков</InformationRegister>
			<InformationRegister>СтатусыПерекрестков</InformationRegister>
			<InformationRegister>СтатусыГексов</InformationRegister>
			<InformationRegister>СтатусыОсобыхКарт</InformationRegister>
			<InformationRegister>СтатусыПути</InformationRegister>
			<InformationRegister>ЦветаИгроков</InformationRegister>
			<InformationRegister>СтатусыКартРазвития</InformationRegister>
			<InformationRegister>ПобедныеОчкиИгроков</InformationRegister>
		</ChildObjects>
	</Configuration>
</MetaDataObject>