﻿<?xml version="1.0" encoding="UTF-8"?>
<Form xmlns="http://v8.1c.ru/8.3/xcf/logform" xmlns:app="http://v8.1c.ru/8.2/managed-application/core" xmlns:cfg="http://v8.1c.ru/8.1/data/enterprise/current-config" xmlns:dcscor="http://v8.1c.ru/8.1/data-composition-system/core" xmlns:dcssch="http://v8.1c.ru/8.1/data-composition-system/schema" xmlns:dcsset="http://v8.1c.ru/8.1/data-composition-system/settings" xmlns:ent="http://v8.1c.ru/8.1/data/enterprise" xmlns:lf="http://v8.1c.ru/8.2/managed-application/logform" xmlns:style="http://v8.1c.ru/8.1/data/ui/style" xmlns:sys="http://v8.1c.ru/8.1/data/ui/fonts/system" xmlns:v8="http://v8.1c.ru/8.1/data/core" xmlns:v8ui="http://v8.1c.ru/8.1/data/ui" xmlns:web="http://v8.1c.ru/8.1/data/ui/colors/web" xmlns:win="http://v8.1c.ru/8.1/data/ui/colors/windows" xmlns:xr="http://v8.1c.ru/8.3/xcf/readable" xmlns:xs="http://www.w3.org/2001/XMLSchema" xmlns:xsi="http://www.w3.org/2001/XMLSchema-instance" version="2.20">
	<WindowOpeningMode>LockOwnerWindow</WindowOpeningMode>
	<AutoTitle>false</AutoTitle>
	<AutoURL>false</AutoURL>
	<Customizable>false</Customizable>
	<CommandBarLocation>None</CommandBarLocation>
	<ShowTitle>false</ShowTitle>
	<ShowCloseButton>false</ShowCloseButton>
	<AutoCommandBar name="ФормаКоманднаяПанель" id="-1" DisplayImportance="VeryLow"/>
	<Events>
		<Event name="OnOpen">ПриОткрытии</Event>
		<Event name="OnCreateAtServer">ПриСозданииНаСервере</Event>
	</Events>
	<ChildItems>
		<Pages name="ВсеСтраницы" id="7">
			<Title>
				<v8:item>
					<v8:lang>ru</v8:lang>
					<v8:content>Все страницы</v8:content>
				</v8:item>
			</Title>
			<ToolTip>
				<v8:item>
					<v8:lang>ru</v8:lang>
					<v8:content>Все страницы</v8:content>
				</v8:item>
			</ToolTip>
			<PagesRepresentation>None</PagesRepresentation>
			<ExtendedTooltip name="ВсеСтраницыРасширеннаяПодсказка" id="8"/>
			<ChildItems>
				<Page name="СтраницаГлавногоМеню" id="9">
					<Title>
						<v8:item>
							<v8:lang>ru</v8:lang>
							<v8:content>Страница главного меню</v8:content>
						</v8:item>
					</Title>
					<ToolTip>
						<v8:item>
							<v8:lang>ru</v8:lang>
							<v8:content>Страница главного меню</v8:content>
						</v8:item>
					</ToolTip>
					<ExtendedTooltip name="СтраницаГлавногоМенюРасширеннаяПодсказка" id="10"/>
					<ChildItems>
						<HTMLDocumentField name="ГлавноеМеню" id="4" DisplayImportance="VeryHigh">
							<DataPath>ГлавноеМенюХТМЛ</DataPath>
							<UserVisible>
								<xr:Common>true</xr:Common>
								<xr:Value name="Role.ПолныеПрава">true</xr:Value>
								<xr:Value name="Role.Игрок">true</xr:Value>
							</UserVisible>
							<SkipOnInput>false</SkipOnInput>
							<TitleLocation>None</TitleLocation>
							<Output>Disable</Output>
							<ContextMenu name="ГлавноеМенюКонтекстноеМеню" id="5"/>
							<ExtendedTooltip name="ГлавноеМенюРасширеннаяПодсказка" id="6"/>
							<Events>
								<Event name="OnClick">ГлавноеМенюПриНажатии</Event>
							</Events>
						</HTMLDocumentField>
					</ChildItems>
				</Page>
				<Page name="СтраницаЗаставки" id="29">
					<Title>
						<v8:item>
							<v8:lang>ru</v8:lang>
							<v8:content>Страница заставки</v8:content>
						</v8:item>
					</Title>
					<ToolTip>
						<v8:item>
							<v8:lang>ru</v8:lang>
							<v8:content>Страница заставки</v8:content>
						</v8:item>
					</ToolTip>
					<ExtendedTooltip name="СтраницаЗаставкиРасширеннаяПодсказка" id="30"/>
					<ChildItems>
						<PictureDecoration name="Декорация1" id="31">
							<Width>1</Width>
							<Height>1</Height>
							<HorizontalStretch>true</HorizontalStretch>
							<VerticalStretch>true</VerticalStretch>
							<Picture>
								<xr:Ref>CommonPicture.ФонГлавногоМеню</xr:Ref>
								<xr:LoadTransparent>true</xr:LoadTransparent>
							</Picture>
							<ContextMenu name="Декорация1КонтекстноеМеню" id="32"/>
							<ExtendedTooltip name="Декорация1РасширеннаяПодсказка" id="33"/>
						</PictureDecoration>
					</ChildItems>
				</Page>
				<Page name="СтраницаИгровогоПоля" id="11">
					<Title>
						<v8:item>
							<v8:lang>ru</v8:lang>
							<v8:content>Страница игрового поля</v8:content>
						</v8:item>
					</Title>
					<ToolTip>
						<v8:item>
							<v8:lang>ru</v8:lang>
							<v8:content>Страница игрового поля</v8:content>
						</v8:item>
					</ToolTip>
					<ExtendedTooltip name="СтраницаИгровогоПоляРасширеннаяПодсказка" id="12"/>
					<ChildItems>
						<HTMLDocumentField name="ИгровоеПоле" id="26" DisplayImportance="VeryHigh">
							<DataPath>ИгровоеПолеХТМЛ</DataPath>
							<SkipOnInput>false</SkipOnInput>
							<TitleLocation>None</TitleLocation>
							<Output>Disable</Output>
							<ContextMenu name="ИгровоеПолеКонтекстноеМеню" id="27"/>
							<ExtendedTooltip name="ИгровоеПолеРасширеннаяПодсказка" id="28"/>
							<Events>
								<Event name="DocumentComplete">ИгровоеПолеДокументСформирован</Event>
								<Event name="OnClick">ИгровоеПолеПриНажатии</Event>
							</Events>
						</HTMLDocumentField>
					</ChildItems>
				</Page>
			</ChildItems>
		</Pages>
	</ChildItems>
	<Attributes>
		<Attribute name="ИгровоеПолеХТМЛ" id="1">
			<Title>
				<v8:item>
					<v8:lang>ru</v8:lang>
					<v8:content>Игровое поле ХТМЛ</v8:content>
				</v8:item>
			</Title>
			<Type>
				<v8:Type>xs:string</v8:Type>
				<v8:StringQualifiers>
					<v8:Length>0</v8:Length>
					<v8:AllowedLength>Variable</v8:AllowedLength>
				</v8:StringQualifiers>
			</Type>
		</Attribute>
		<Attribute name="ГлавноеМенюХТМЛ" id="2">
			<Title>
				<v8:item>
					<v8:lang>ru</v8:lang>
					<v8:content>Главное меню ХТМЛ</v8:content>
				</v8:item>
			</Title>
			<Type>
				<v8:Type>xs:string</v8:Type>
				<v8:StringQualifiers>
					<v8:Length>0</v8:Length>
					<v8:AllowedLength>Variable</v8:AllowedLength>
				</v8:StringQualifiers>
			</Type>
		</Attribute>
		<Attribute name="ВнутреняяТорговляХТМЛ" id="6">
			<Title>
				<v8:item>
					<v8:lang>ru</v8:lang>
					<v8:content>Внутреняя торговля ХТМЛ</v8:content>
				</v8:item>
			</Title>
			<Type>
				<v8:Type>xs:string</v8:Type>
				<v8:StringQualifiers>
					<v8:Length>0</v8:Length>
					<v8:AllowedLength>Variable</v8:AllowedLength>
				</v8:StringQualifiers>
			</Type>
		</Attribute>
		<Attribute name="ЗаморскаяТорговляХТМЛ" id="7">
			<Title>
				<v8:item>
					<v8:lang>ru</v8:lang>
					<v8:content>Заморская торговля ХТМЛ</v8:content>
				</v8:item>
			</Title>
			<Type>
				<v8:Type>xs:string</v8:Type>
				<v8:StringQualifiers>
					<v8:Length>0</v8:Length>
					<v8:AllowedLength>Variable</v8:AllowedLength>
				</v8:StringQualifiers>
			</Type>
		</Attribute>
		<Attribute name="ГораАдрес" id="8">
			<Title>
				<v8:item>
					<v8:lang>ru</v8:lang>
					<v8:content>Гора адрес</v8:content>
				</v8:item>
			</Title>
			<Type>
				<v8:Type>xs:string</v8:Type>
				<v8:StringQualifiers>
					<v8:Length>0</v8:Length>
					<v8:AllowedLength>Variable</v8:AllowedLength>
				</v8:StringQualifiers>
			</Type>
		</Attribute>
		<Attribute name="ЛесАдрес" id="10">
			<Title>
				<v8:item>
					<v8:lang>ru</v8:lang>
					<v8:content>Лес адрес</v8:content>
				</v8:item>
			</Title>
			<Type>
				<v8:Type>xs:string</v8:Type>
				<v8:StringQualifiers>
					<v8:Length>0</v8:Length>
					<v8:AllowedLength>Variable</v8:AllowedLength>
				</v8:StringQualifiers>
			</Type>
		</Attribute>
		<Attribute name="ГлинаАдрес" id="16">
			<Title>
				<v8:item>
					<v8:lang>ru</v8:lang>
					<v8:content>Глина адрес</v8:content>
				</v8:item>
			</Title>
			<Type>
				<v8:Type>xs:string</v8:Type>
				<v8:StringQualifiers>
					<v8:Length>0</v8:Length>
					<v8:AllowedLength>Variable</v8:AllowedLength>
				</v8:StringQualifiers>
			</Type>
		</Attribute>
		<Attribute name="ДревесинаАдрес" id="17">
			<Title>
				<v8:item>
					<v8:lang>ru</v8:lang>
					<v8:content>Древесина адрес</v8:content>
				</v8:item>
			</Title>
			<Type>
				<v8:Type>xs:string</v8:Type>
				<v8:StringQualifiers>
					<v8:Length>0</v8:Length>
					<v8:AllowedLength>Variable</v8:AllowedLength>
				</v8:StringQualifiers>
			</Type>
		</Attribute>
		<Attribute name="КаменьАдрес" id="19">
			<Title>
				<v8:item>
					<v8:lang>ru</v8:lang>
					<v8:content>Камень адрес</v8:content>
				</v8:item>
			</Title>
			<Type>
				<v8:Type>xs:string</v8:Type>
				<v8:StringQualifiers>
					<v8:Length>0</v8:Length>
					<v8:AllowedLength>Variable</v8:AllowedLength>
				</v8:StringQualifiers>
			</Type>
		</Attribute>
		<Attribute name="ЛюбойАдрес" id="21">
			<Title>
				<v8:item>
					<v8:lang>ru</v8:lang>
					<v8:content>Любой адрес</v8:content>
				</v8:item>
			</Title>
			<Type>
				<v8:Type>xs:string</v8:Type>
				<v8:StringQualifiers>
					<v8:Length>0</v8:Length>
					<v8:AllowedLength>Variable</v8:AllowedLength>
				</v8:StringQualifiers>
			</Type>
		</Attribute>
		<Attribute name="ЖелтыйКубик" id="27">
			<Title>
				<v8:item>
					<v8:lang>ru</v8:lang>
					<v8:content>Желтый кубик</v8:content>
				</v8:item>
			</Title>
			<Type>
				<v8:Type>xs:string</v8:Type>
				<v8:StringQualifiers>
					<v8:Length>0</v8:Length>
					<v8:AllowedLength>Variable</v8:AllowedLength>
				</v8:StringQualifiers>
			</Type>
		</Attribute>
		<Attribute name="ФонЗаморскаяТорговляАдрес" id="29">
			<Title>
				<v8:item>
					<v8:lang>ru</v8:lang>
					<v8:content>Фон заморская торговля адрес</v8:content>
				</v8:item>
			</Title>
			<Type>
				<v8:Type>xs:string</v8:Type>
				<v8:StringQualifiers>
					<v8:Length>0</v8:Length>
					<v8:AllowedLength>Variable</v8:AllowedLength>
				</v8:StringQualifiers>
			</Type>
		</Attribute>
		<Attribute name="ФонВнутреняяТорговляАдрес" id="30">
			<Title>
				<v8:item>
					<v8:lang>ru</v8:lang>
					<v8:content>Фон внутреняя торговля адрес</v8:content>
				</v8:item>
			</Title>
			<Type>
				<v8:Type>xs:string</v8:Type>
				<v8:StringQualifiers>
					<v8:Length>0</v8:Length>
					<v8:AllowedLength>Variable</v8:AllowedLength>
				</v8:StringQualifiers>
			</Type>
		</Attribute>
		<Attribute name="ЦветИгрока" id="31">
			<Title>
				<v8:item>
					<v8:lang>ru</v8:lang>
					<v8:content>Цвет игрока</v8:content>
				</v8:item>
			</Title>
			<Type>
				<v8:Type>xs:string</v8:Type>
				<v8:StringQualifiers>
					<v8:Length>0</v8:Length>
					<v8:AllowedLength>Variable</v8:AllowedLength>
				</v8:StringQualifiers>
			</Type>
		</Attribute>
		<Attribute name="ПоселениеАдрес" id="32">
			<Title>
				<v8:item>
					<v8:lang>ru</v8:lang>
					<v8:content>Поселение адрес</v8:content>
				</v8:item>
			</Title>
			<Type>
				<v8:Type>xs:string</v8:Type>
				<v8:StringQualifiers>
					<v8:Length>0</v8:Length>
					<v8:AllowedLength>Variable</v8:AllowedLength>
				</v8:StringQualifiers>
			</Type>
		</Attribute>
		<Attribute name="Текстуры" id="33">
			<Title>
				<v8:item>
					<v8:lang>ru</v8:lang>
					<v8:content>Текстуры</v8:content>
				</v8:item>
			</Title>
			<Type/>
		</Attribute>
		<Attribute name="КрасныйКубик" id="3">
			<Title>
				<v8:item>
					<v8:lang>ru</v8:lang>
					<v8:content>Красный кубик</v8:content>
				</v8:item>
			</Title>
			<Type>
				<v8:Type>xs:string</v8:Type>
				<v8:StringQualifiers>
					<v8:Length>0</v8:Length>
					<v8:AllowedLength>Variable</v8:AllowedLength>
				</v8:StringQualifiers>
			</Type>
		</Attribute>
		<Attribute name="ПшеницаАдрес" id="4">
			<Title>
				<v8:item>
					<v8:lang>ru</v8:lang>
					<v8:content>Пшеница адрес</v8:content>
				</v8:item>
			</Title>
			<Type>
				<v8:Type>xs:string</v8:Type>
				<v8:StringQualifiers>
					<v8:Length>0</v8:Length>
					<v8:AllowedLength>Variable</v8:AllowedLength>
				</v8:StringQualifiers>
			</Type>
		</Attribute>
		<Attribute name="ОвцаАдрес" id="5">
			<Title>
				<v8:item>
					<v8:lang>ru</v8:lang>
					<v8:content>Овца адрес</v8:content>
				</v8:item>
			</Title>
			<Type>
				<v8:Type>xs:string</v8:Type>
				<v8:StringQualifiers>
					<v8:Length>0</v8:Length>
					<v8:AllowedLength>Variable</v8:AllowedLength>
				</v8:StringQualifiers>
			</Type>
		</Attribute>
		<Attribute name="ЦветаСтруктура" id="9">
			<Title>
				<v8:item>
					<v8:lang>ru</v8:lang>
					<v8:content>Цвета структура</v8:content>
				</v8:item>
			</Title>
			<Type/>
		</Attribute>
		<Attribute name="МакетГлавногоМеню" id="11">
			<Title>
				<v8:item>
					<v8:lang>ru</v8:lang>
					<v8:content>Макет главного меню</v8:content>
				</v8:item>
			</Title>
			<Type>
				<v8:Type>xs:string</v8:Type>
				<v8:StringQualifiers>
					<v8:Length>0</v8:Length>
					<v8:AllowedLength>Variable</v8:AllowedLength>
				</v8:StringQualifiers>
			</Type>
		</Attribute>
		<Attribute name="МакетИгровогоПоля" id="12">
			<Title>
				<v8:item>
					<v8:lang>ru</v8:lang>
					<v8:content>Макет игрового поля</v8:content>
				</v8:item>
			</Title>
			<Type>
				<v8:Type>xs:string</v8:Type>
				<v8:StringQualifiers>
					<v8:Length>0</v8:Length>
					<v8:AllowedLength>Variable</v8:AllowedLength>
				</v8:StringQualifiers>
			</Type>
		</Attribute>
	</Attributes>
</Form>