﻿<?xml version="1.0" encoding="UTF-8"?>
<MetaDataObject xmlns="http://v8.1c.ru/8.3/MDClasses" xmlns:app="http://v8.1c.ru/8.2/managed-application/core" xmlns:cfg="http://v8.1c.ru/8.1/data/enterprise/current-config" xmlns:cmi="http://v8.1c.ru/8.2/managed-application/cmi" xmlns:ent="http://v8.1c.ru/8.1/data/enterprise" xmlns:lf="http://v8.1c.ru/8.2/managed-application/logform" xmlns:style="http://v8.1c.ru/8.1/data/ui/style" xmlns:sys="http://v8.1c.ru/8.1/data/ui/fonts/system" xmlns:v8="http://v8.1c.ru/8.1/data/core" xmlns:v8ui="http://v8.1c.ru/8.1/data/ui" xmlns:web="http://v8.1c.ru/8.1/data/ui/colors/web" xmlns:win="http://v8.1c.ru/8.1/data/ui/colors/windows" xmlns:xen="http://v8.1c.ru/8.3/xcf/enums" xmlns:xpr="http://v8.1c.ru/8.3/xcf/predef" xmlns:xr="http://v8.1c.ru/8.3/xcf/readable" xmlns:xs="http://www.w3.org/2001/XMLSchema" xmlns:xsi="http://www.w3.org/2001/XMLSchema-instance" version="2.20">
	<Enum uuid="fd401e21-a2f8-42da-a868-09ad7622cd6e">
		<InternalInfo>
			<xr:GeneratedType name="EnumRef.Гавани" category="Ref">
				<xr:TypeId>9172cd91-b667-4122-872b-1d2b15c3be21</xr:TypeId>
				<xr:ValueId>9815f1ac-8667-426f-b3ec-279b157fba9b</xr:ValueId>
			</xr:GeneratedType>
			<xr:GeneratedType name="EnumManager.Гавани" category="Manager">
				<xr:TypeId>172c7298-88ae-4f3c-b1c7-4c8801df7029</xr:TypeId>
				<xr:ValueId>5abea027-0499-44ad-9977-69fad8dd60c8</xr:ValueId>
			</xr:GeneratedType>
			<xr:GeneratedType name="EnumList.Гавани" category="List">
				<xr:TypeId>d07921ab-1d19-447f-9734-48cdc448af72</xr:TypeId>
				<xr:ValueId>0d057384-a869-43e5-a553-0aced831b6fa</xr:ValueId>
			</xr:GeneratedType>
		</InternalInfo>
		<Properties>
			<Name>Гавани</Name>
			<Synonym>
				<v8:item>
					<v8:lang>ru</v8:lang>
					<v8:content>Гавани</v8:content>
				</v8:item>
			</Synonym>
			<Comment/>
			<UseStandardCommands>false</UseStandardCommands>
			<Characteristics/>
			<QuickChoice>true</QuickChoice>
			<ChoiceMode>BothWays</ChoiceMode>
			<DefaultListForm/>
			<DefaultChoiceForm/>
			<AuxiliaryListForm/>
			<AuxiliaryChoiceForm/>
			<ListPresentation/>
			<ExtendedListPresentation/>
			<Explanation/>
			<ChoiceHistoryOnInput>Auto</ChoiceHistoryOnInput>
		</Properties>
		<ChildObjects>
			<EnumValue uuid="ce4afb70-f891-4f2a-b15a-122817f87373">
				<Properties>
					<Name>Любой3к1</Name>
					<Synonym>
						<v8:item>
							<v8:lang>ru</v8:lang>
							<v8:content>Любой3к1</v8:content>
						</v8:item>
					</Synonym>
					<Comment/>
				</Properties>
			</EnumValue>
			<EnumValue uuid="6be46718-7b14-4c70-85bc-19df5f138540">
				<Properties>
					<Name>Дерево2к1</Name>
					<Synonym>
						<v8:item>
							<v8:lang>ru</v8:lang>
							<v8:content>Дерево2к1</v8:content>
						</v8:item>
					</Synonym>
					<Comment/>
				</Properties>
			</EnumValue>
			<EnumValue uuid="1e04647c-caba-4bac-be8c-f2b46775f0b6">
				<Properties>
					<Name>Камень2к1</Name>
					<Synonym>
						<v8:item>
							<v8:lang>ru</v8:lang>
							<v8:content>Камень2к1</v8:content>
						</v8:item>
					</Synonym>
					<Comment/>
				</Properties>
			</EnumValue>
			<EnumValue uuid="7b282b92-6323-4a5b-a3cd-92d5269a1915">
				<Properties>
					<Name>Глина2к1</Name>
					<Synonym>
						<v8:item>
							<v8:lang>ru</v8:lang>
							<v8:content>Глина2к1</v8:content>
						</v8:item>
					</Synonym>
					<Comment/>
				</Properties>
			</EnumValue>
			<EnumValue uuid="af14244d-b394-4dc4-b719-716f05f5e81a">
				<Properties>
					<Name>Овца2к1</Name>
					<Synonym>
						<v8:item>
							<v8:lang>ru</v8:lang>
							<v8:content>Овца2к1</v8:content>
						</v8:item>
					</Synonym>
					<Comment/>
				</Properties>
			</EnumValue>
			<EnumValue uuid="894253dd-d443-4fc6-aa11-aeb8ad47a540">
				<Properties>
					<Name>Зерно2к1</Name>
					<Synonym>
						<v8:item>
							<v8:lang>ru</v8:lang>
							<v8:content>Зерно2к1</v8:content>
						</v8:item>
					</Synonym>
					<Comment/>
				</Properties>
			</EnumValue>
		</ChildObjects>
	</Enum>
</MetaDataObject>