﻿<?xml version="1.0" encoding="UTF-8"?>
<MetaDataObject xmlns="http://v8.1c.ru/8.3/MDClasses" xmlns:app="http://v8.1c.ru/8.2/managed-application/core" xmlns:cfg="http://v8.1c.ru/8.1/data/enterprise/current-config" xmlns:cmi="http://v8.1c.ru/8.2/managed-application/cmi" xmlns:ent="http://v8.1c.ru/8.1/data/enterprise" xmlns:lf="http://v8.1c.ru/8.2/managed-application/logform" xmlns:style="http://v8.1c.ru/8.1/data/ui/style" xmlns:sys="http://v8.1c.ru/8.1/data/ui/fonts/system" xmlns:v8="http://v8.1c.ru/8.1/data/core" xmlns:v8ui="http://v8.1c.ru/8.1/data/ui" xmlns:web="http://v8.1c.ru/8.1/data/ui/colors/web" xmlns:win="http://v8.1c.ru/8.1/data/ui/colors/windows" xmlns:xen="http://v8.1c.ru/8.3/xcf/enums" xmlns:xpr="http://v8.1c.ru/8.3/xcf/predef" xmlns:xr="http://v8.1c.ru/8.3/xcf/readable" xmlns:xs="http://www.w3.org/2001/XMLSchema" xmlns:xsi="http://www.w3.org/2001/XMLSchema-instance" version="2.20">
	<Enum uuid="47402ca5-4da2-4b8d-af3e-88366992bbc3">
		<InternalInfo>
			<xr:GeneratedType name="EnumRef.Игроки" category="Ref">
				<xr:TypeId>77901fbf-20fb-4648-abf2-61eebcb3b367</xr:TypeId>
				<xr:ValueId>fefa7edf-b829-409d-a71f-c8700b11abee</xr:ValueId>
			</xr:GeneratedType>
			<xr:GeneratedType name="EnumManager.Игроки" category="Manager">
				<xr:TypeId>e222f9d8-228e-4b6f-9a21-781fdb64c611</xr:TypeId>
				<xr:ValueId>3b5a7990-abe9-4b57-8df5-cadb746b1b57</xr:ValueId>
			</xr:GeneratedType>
			<xr:GeneratedType name="EnumList.Игроки" category="List">
				<xr:TypeId>7b3a4400-5a7e-4261-9332-d9ce7b5bee27</xr:TypeId>
				<xr:ValueId>86c9b80c-b34e-45ef-b1ec-199ce28bdd04</xr:ValueId>
			</xr:GeneratedType>
		</InternalInfo>
		<Properties>
			<Name>Игроки</Name>
			<Synonym>
				<v8:item>
					<v8:lang>ru</v8:lang>
					<v8:content>Игроки</v8:content>
				</v8:item>
			</Synonym>
			<Comment/>
			<UseStandardCommands>false</UseStandardCommands>
			<Characteristics/>
			<QuickChoice>true</QuickChoice>
			<ChoiceMode>BothWays</ChoiceMode>
			<DefaultListForm/>
			<DefaultChoiceForm/>
			<AuxiliaryListForm/>
			<AuxiliaryChoiceForm/>
			<ListPresentation/>
			<ExtendedListPresentation/>
			<Explanation/>
			<ChoiceHistoryOnInput>Auto</ChoiceHistoryOnInput>
		</Properties>
		<ChildObjects>
			<EnumValue uuid="ee7a17ef-3e4f-4121-b18a-2cc337dc295f">
				<Properties>
					<Name>Игрок1</Name>
					<Synonym>
						<v8:item>
							<v8:lang>ru</v8:lang>
							<v8:content>Игрок1</v8:content>
						</v8:item>
					</Synonym>
					<Comment/>
				</Properties>
			</EnumValue>
			<EnumValue uuid="79f295ba-1a9f-47c6-a785-2d9e5495f8a9">
				<Properties>
					<Name>Игрок2</Name>
					<Synonym>
						<v8:item>
							<v8:lang>ru</v8:lang>
							<v8:content>Игрок2</v8:content>
						</v8:item>
					</Synonym>
					<Comment/>
				</Properties>
			</EnumValue>
			<EnumValue uuid="510060ae-f4d8-4547-932f-72eb592fe455">
				<Properties>
					<Name>Игрок3</Name>
					<Synonym>
						<v8:item>
							<v8:lang>ru</v8:lang>
							<v8:content>Игрок3</v8:content>
						</v8:item>
					</Synonym>
					<Comment/>
				</Properties>
			</EnumValue>
			<EnumValue uuid="59ea614d-fda7-4e25-9ea4-ac2b2338e014">
				<Properties>
					<Name>Игрок4</Name>
					<Synonym>
						<v8:item>
							<v8:lang>ru</v8:lang>
							<v8:content>Игрок4</v8:content>
						</v8:item>
					</Synonym>
					<Comment/>
				</Properties>
			</EnumValue>
		</ChildObjects>
	</Enum>
</MetaDataObject>