﻿<?xml version="1.0" encoding="UTF-8"?>
<MetaDataObject xmlns="http://v8.1c.ru/8.3/MDClasses" xmlns:app="http://v8.1c.ru/8.2/managed-application/core" xmlns:cfg="http://v8.1c.ru/8.1/data/enterprise/current-config" xmlns:cmi="http://v8.1c.ru/8.2/managed-application/cmi" xmlns:ent="http://v8.1c.ru/8.1/data/enterprise" xmlns:lf="http://v8.1c.ru/8.2/managed-application/logform" xmlns:style="http://v8.1c.ru/8.1/data/ui/style" xmlns:sys="http://v8.1c.ru/8.1/data/ui/fonts/system" xmlns:v8="http://v8.1c.ru/8.1/data/core" xmlns:v8ui="http://v8.1c.ru/8.1/data/ui" xmlns:web="http://v8.1c.ru/8.1/data/ui/colors/web" xmlns:win="http://v8.1c.ru/8.1/data/ui/colors/windows" xmlns:xen="http://v8.1c.ru/8.3/xcf/enums" xmlns:xpr="http://v8.1c.ru/8.3/xcf/predef" xmlns:xr="http://v8.1c.ru/8.3/xcf/readable" xmlns:xs="http://www.w3.org/2001/XMLSchema" xmlns:xsi="http://www.w3.org/2001/XMLSchema-instance" version="2.20">
	<Enum uuid="4445bd60-9027-4610-8364-d2af3d13e56e">
		<InternalInfo>
			<xr:GeneratedType name="EnumRef.Ландшафты" category="Ref">
				<xr:TypeId>7733e06c-6f50-467d-a4db-2a0d51886572</xr:TypeId>
				<xr:ValueId>88ca548b-f107-4da4-8684-0884db2f07d0</xr:ValueId>
			</xr:GeneratedType>
			<xr:GeneratedType name="EnumManager.Ландшафты" category="Manager">
				<xr:TypeId>d32fc7e5-4f19-46ce-88dc-5b905c32902b</xr:TypeId>
				<xr:ValueId>1716ec01-3a91-4b33-b7eb-2f819356ef71</xr:ValueId>
			</xr:GeneratedType>
			<xr:GeneratedType name="EnumList.Ландшафты" category="List">
				<xr:TypeId>7b56d82c-e91a-4db1-9daf-c8b2cf15ff5c</xr:TypeId>
				<xr:ValueId>110711a5-7208-42e1-aa87-8392e6a83927</xr:ValueId>
			</xr:GeneratedType>
		</InternalInfo>
		<Properties>
			<Name>Ландшафты</Name>
			<Synonym>
				<v8:item>
					<v8:lang>ru</v8:lang>
					<v8:content>Поле</v8:content>
				</v8:item>
			</Synonym>
			<Comment/>
			<UseStandardCommands>false</UseStandardCommands>
			<Characteristics/>
			<QuickChoice>true</QuickChoice>
			<ChoiceMode>BothWays</ChoiceMode>
			<DefaultListForm/>
			<DefaultChoiceForm/>
			<AuxiliaryListForm/>
			<AuxiliaryChoiceForm/>
			<ListPresentation/>
			<ExtendedListPresentation/>
			<Explanation/>
			<ChoiceHistoryOnInput>Auto</ChoiceHistoryOnInput>
		</Properties>
		<ChildObjects>
			<EnumValue uuid="96eb0eeb-3be6-42f8-911a-91a41011b272">
				<Properties>
					<Name>Лес</Name>
					<Synonym>
						<v8:item>
							<v8:lang>ru</v8:lang>
							<v8:content>Лес</v8:content>
						</v8:item>
					</Synonym>
					<Comment/>
				</Properties>
			</EnumValue>
			<EnumValue uuid="2b62f58e-c006-4c5c-ae65-1f843cbd8355">
				<Properties>
					<Name>Пастбище</Name>
					<Synonym>
						<v8:item>
							<v8:lang>ru</v8:lang>
							<v8:content>Пастбище</v8:content>
						</v8:item>
					</Synonym>
					<Comment/>
				</Properties>
			</EnumValue>
			<EnumValue uuid="a50c73b1-c214-4578-84ee-99c4edf8e994">
				<Properties>
					<Name>Пашня</Name>
					<Synonym>
						<v8:item>
							<v8:lang>ru</v8:lang>
							<v8:content>Пашня</v8:content>
						</v8:item>
					</Synonym>
					<Comment/>
				</Properties>
			</EnumValue>
			<EnumValue uuid="c8f8778e-a3a2-49ab-808d-8cbc864a022f">
				<Properties>
					<Name>Холм</Name>
					<Synonym>
						<v8:item>
							<v8:lang>ru</v8:lang>
							<v8:content>Холм</v8:content>
						</v8:item>
					</Synonym>
					<Comment/>
				</Properties>
			</EnumValue>
			<EnumValue uuid="83dce302-ac12-46b2-b9ff-5d128a010aa2">
				<Properties>
					<Name>Гора</Name>
					<Synonym>
						<v8:item>
							<v8:lang>ru</v8:lang>
							<v8:content>Гора</v8:content>
						</v8:item>
					</Synonym>
					<Comment/>
				</Properties>
			</EnumValue>
			<EnumValue uuid="19ee80c8-f905-4b01-9feb-29372ecfe686">
				<Properties>
					<Name>Пустыня</Name>
					<Synonym>
						<v8:item>
							<v8:lang>ru</v8:lang>
							<v8:content>Пустыня</v8:content>
						</v8:item>
					</Synonym>
					<Comment/>
				</Properties>
			</EnumValue>
		</ChildObjects>
	</Enum>
</MetaDataObject>