﻿<?xml version="1.0" encoding="UTF-8"?>
<MetaDataObject xmlns="http://v8.1c.ru/8.3/MDClasses" xmlns:app="http://v8.1c.ru/8.2/managed-application/core" xmlns:cfg="http://v8.1c.ru/8.1/data/enterprise/current-config" xmlns:cmi="http://v8.1c.ru/8.2/managed-application/cmi" xmlns:ent="http://v8.1c.ru/8.1/data/enterprise" xmlns:lf="http://v8.1c.ru/8.2/managed-application/logform" xmlns:style="http://v8.1c.ru/8.1/data/ui/style" xmlns:sys="http://v8.1c.ru/8.1/data/ui/fonts/system" xmlns:v8="http://v8.1c.ru/8.1/data/core" xmlns:v8ui="http://v8.1c.ru/8.1/data/ui" xmlns:web="http://v8.1c.ru/8.1/data/ui/colors/web" xmlns:win="http://v8.1c.ru/8.1/data/ui/colors/windows" xmlns:xen="http://v8.1c.ru/8.3/xcf/enums" xmlns:xpr="http://v8.1c.ru/8.3/xcf/predef" xmlns:xr="http://v8.1c.ru/8.3/xcf/readable" xmlns:xs="http://www.w3.org/2001/XMLSchema" xmlns:xsi="http://www.w3.org/2001/XMLSchema-instance" version="2.20">
	<Enum uuid="f9e0443b-ee47-4999-84af-aab13ab3416f">
		<InternalInfo>
			<xr:GeneratedType name="EnumRef.ОсобыеКарты" category="Ref">
				<xr:TypeId>e17dd4c3-2afa-4352-b887-bc7b521e1c81</xr:TypeId>
				<xr:ValueId>3dfdaf0f-6995-41f0-8049-6c5eada1cf5b</xr:ValueId>
			</xr:GeneratedType>
			<xr:GeneratedType name="EnumManager.ОсобыеКарты" category="Manager">
				<xr:TypeId>b7f759a8-50b9-40cb-bd82-3ececf4c9250</xr:TypeId>
				<xr:ValueId>4a64e91e-b666-494e-9c7c-cffc20f2c8ed</xr:ValueId>
			</xr:GeneratedType>
			<xr:GeneratedType name="EnumList.ОсобыеКарты" category="List">
				<xr:TypeId>92d3d131-e676-4fb7-a591-e644ee896014</xr:TypeId>
				<xr:ValueId>0a5e1989-6902-49c5-a59f-0540e9eb9d39</xr:ValueId>
			</xr:GeneratedType>
		</InternalInfo>
		<Properties>
			<Name>ОсобыеКарты</Name>
			<Synonym>
				<v8:item>
					<v8:lang>ru</v8:lang>
					<v8:content>Особые карты</v8:content>
				</v8:item>
			</Synonym>
			<Comment/>
			<UseStandardCommands>false</UseStandardCommands>
			<Characteristics/>
			<QuickChoice>true</QuickChoice>
			<ChoiceMode>BothWays</ChoiceMode>
			<DefaultListForm/>
			<DefaultChoiceForm/>
			<AuxiliaryListForm/>
			<AuxiliaryChoiceForm/>
			<ListPresentation/>
			<ExtendedListPresentation/>
			<Explanation/>
			<ChoiceHistoryOnInput>Auto</ChoiceHistoryOnInput>
		</Properties>
		<ChildObjects>
			<EnumValue uuid="1cf9c010-8503-4618-9d8a-b1ff805f14fe">
				<Properties>
					<Name>СамыйДлинныйТракт</Name>
					<Synonym>
						<v8:item>
							<v8:lang>ru</v8:lang>
							<v8:content>Самый длинный тракт</v8:content>
						</v8:item>
					</Synonym>
					<Comment/>
				</Properties>
			</EnumValue>
			<EnumValue uuid="bc1f2c69-ceba-4a62-92be-c6ff760bb466">
				<Properties>
					<Name>СамоеБольшоеВойско</Name>
					<Synonym>
						<v8:item>
							<v8:lang>ru</v8:lang>
							<v8:content>Самое большое войско</v8:content>
						</v8:item>
					</Synonym>
					<Comment/>
				</Properties>
			</EnumValue>
		</ChildObjects>
	</Enum>
</MetaDataObject>