﻿<?xml version="1.0" encoding="UTF-8"?>
<MetaDataObject xmlns="http://v8.1c.ru/8.3/MDClasses" xmlns:app="http://v8.1c.ru/8.2/managed-application/core" xmlns:cfg="http://v8.1c.ru/8.1/data/enterprise/current-config" xmlns:cmi="http://v8.1c.ru/8.2/managed-application/cmi" xmlns:ent="http://v8.1c.ru/8.1/data/enterprise" xmlns:lf="http://v8.1c.ru/8.2/managed-application/logform" xmlns:style="http://v8.1c.ru/8.1/data/ui/style" xmlns:sys="http://v8.1c.ru/8.1/data/ui/fonts/system" xmlns:v8="http://v8.1c.ru/8.1/data/core" xmlns:v8ui="http://v8.1c.ru/8.1/data/ui" xmlns:web="http://v8.1c.ru/8.1/data/ui/colors/web" xmlns:win="http://v8.1c.ru/8.1/data/ui/colors/windows" xmlns:xen="http://v8.1c.ru/8.3/xcf/enums" xmlns:xpr="http://v8.1c.ru/8.3/xcf/predef" xmlns:xr="http://v8.1c.ru/8.3/xcf/readable" xmlns:xs="http://www.w3.org/2001/XMLSchema" xmlns:xsi="http://www.w3.org/2001/XMLSchema-instance" version="2.20">
	<Enum uuid="5a776d2c-2f54-42f0-9747-42d6b7346b10">
		<InternalInfo>
			<xr:GeneratedType name="EnumRef.Сырье" category="Ref">
				<xr:TypeId>4b81fba3-8308-4099-a29c-f3f613010ecb</xr:TypeId>
				<xr:ValueId>e097081d-4f34-457f-aac9-7448eee779a4</xr:ValueId>
			</xr:GeneratedType>
			<xr:GeneratedType name="EnumManager.Сырье" category="Manager">
				<xr:TypeId>6beec9f0-65f1-4d12-89d6-34cc2b8b2d93</xr:TypeId>
				<xr:ValueId>6ee2304e-cb89-4c8c-b6d8-ed9283ab0bfd</xr:ValueId>
			</xr:GeneratedType>
			<xr:GeneratedType name="EnumList.Сырье" category="List">
				<xr:TypeId>21c5fcfd-e418-4d22-9943-4baf6a6fdbb9</xr:TypeId>
				<xr:ValueId>9ba66c29-2107-43c6-8cd3-e1ba21d1ff5e</xr:ValueId>
			</xr:GeneratedType>
		</InternalInfo>
		<Properties>
			<Name>Сырье</Name>
			<Synonym>
				<v8:item>
					<v8:lang>ru</v8:lang>
					<v8:content>Сырье</v8:content>
				</v8:item>
			</Synonym>
			<Comment/>
			<UseStandardCommands>false</UseStandardCommands>
			<Characteristics/>
			<QuickChoice>true</QuickChoice>
			<ChoiceMode>BothWays</ChoiceMode>
			<DefaultListForm/>
			<DefaultChoiceForm/>
			<AuxiliaryListForm/>
			<AuxiliaryChoiceForm/>
			<ListPresentation/>
			<ExtendedListPresentation/>
			<Explanation/>
			<ChoiceHistoryOnInput>Auto</ChoiceHistoryOnInput>
		</Properties>
		<ChildObjects>
			<EnumValue uuid="9851e27a-b9bd-430b-940b-584846810ef5">
				<Properties>
					<Name>Древесина</Name>
					<Synonym>
						<v8:item>
							<v8:lang>ru</v8:lang>
							<v8:content>Древесина</v8:content>
						</v8:item>
					</Synonym>
					<Comment/>
				</Properties>
			</EnumValue>
			<EnumValue uuid="0501fcfd-1a01-4555-bb96-661ffb9494c9">
				<Properties>
					<Name>Овца</Name>
					<Synonym>
						<v8:item>
							<v8:lang>ru</v8:lang>
							<v8:content>Овца</v8:content>
						</v8:item>
					</Synonym>
					<Comment/>
				</Properties>
			</EnumValue>
			<EnumValue uuid="6b63115e-62b7-4d7d-9b50-938ea891cd76">
				<Properties>
					<Name>Зерно</Name>
					<Synonym>
						<v8:item>
							<v8:lang>ru</v8:lang>
							<v8:content>Зерно</v8:content>
						</v8:item>
					</Synonym>
					<Comment/>
				</Properties>
			</EnumValue>
			<EnumValue uuid="b3ed7646-2af6-4488-98de-af7a73a12402">
				<Properties>
					<Name>Глина</Name>
					<Synonym>
						<v8:item>
							<v8:lang>ru</v8:lang>
							<v8:content>Глина</v8:content>
						</v8:item>
					</Synonym>
					<Comment/>
				</Properties>
			</EnumValue>
			<EnumValue uuid="16c3b17f-825c-4830-af44-2dfbf5c08b90">
				<Properties>
					<Name>Руда</Name>
					<Synonym>
						<v8:item>
							<v8:lang>ru</v8:lang>
							<v8:content>Руда</v8:content>
						</v8:item>
					</Synonym>
					<Comment/>
				</Properties>
			</EnumValue>
			<EnumValue uuid="482483d6-2817-4bdd-b21c-b753f74aff8c">
				<Properties>
					<Name>Любой</Name>
					<Synonym>
						<v8:item>
							<v8:lang>ru</v8:lang>
							<v8:content>Любой</v8:content>
						</v8:item>
					</Synonym>
					<Comment/>
				</Properties>
			</EnumValue>
		</ChildObjects>
	</Enum>
</MetaDataObject>