﻿<?xml version="1.0" encoding="UTF-8"?>
<MetaDataObject xmlns="http://v8.1c.ru/8.3/MDClasses" xmlns:app="http://v8.1c.ru/8.2/managed-application/core" xmlns:cfg="http://v8.1c.ru/8.1/data/enterprise/current-config" xmlns:cmi="http://v8.1c.ru/8.2/managed-application/cmi" xmlns:ent="http://v8.1c.ru/8.1/data/enterprise" xmlns:lf="http://v8.1c.ru/8.2/managed-application/logform" xmlns:style="http://v8.1c.ru/8.1/data/ui/style" xmlns:sys="http://v8.1c.ru/8.1/data/ui/fonts/system" xmlns:v8="http://v8.1c.ru/8.1/data/core" xmlns:v8ui="http://v8.1c.ru/8.1/data/ui" xmlns:web="http://v8.1c.ru/8.1/data/ui/colors/web" xmlns:win="http://v8.1c.ru/8.1/data/ui/colors/windows" xmlns:xen="http://v8.1c.ru/8.3/xcf/enums" xmlns:xpr="http://v8.1c.ru/8.3/xcf/predef" xmlns:xr="http://v8.1c.ru/8.3/xcf/readable" xmlns:xs="http://www.w3.org/2001/XMLSchema" xmlns:xsi="http://www.w3.org/2001/XMLSchema-instance" version="2.20">
	<Enum uuid="7fab320d-ead7-4439-a02e-0c2a7bf70f4f">
		<InternalInfo>
			<xr:GeneratedType name="EnumRef.Цвета" category="Ref">
				<xr:TypeId>98561b54-f978-4386-a63c-67b94a676a9f</xr:TypeId>
				<xr:ValueId>e7db4f9a-6f8b-43d9-814f-adfca50b7118</xr:ValueId>
			</xr:GeneratedType>
			<xr:GeneratedType name="EnumManager.Цвета" category="Manager">
				<xr:TypeId>6c05d619-c2ad-4434-8545-ccabc8ee62a6</xr:TypeId>
				<xr:ValueId>82d48501-c082-4399-92f5-2f27f87b2db7</xr:ValueId>
			</xr:GeneratedType>
			<xr:GeneratedType name="EnumList.Цвета" category="List">
				<xr:TypeId>1b5731df-e64e-4ea7-b2c3-a1037537f562</xr:TypeId>
				<xr:ValueId>65a2dd95-66de-4e33-a524-33e183de5845</xr:ValueId>
			</xr:GeneratedType>
		</InternalInfo>
		<Properties>
			<Name>Цвета</Name>
			<Synonym>
				<v8:item>
					<v8:lang>ru</v8:lang>
					<v8:content>Цвета</v8:content>
				</v8:item>
			</Synonym>
			<Comment/>
			<UseStandardCommands>false</UseStandardCommands>
			<Characteristics/>
			<QuickChoice>true</QuickChoice>
			<ChoiceMode>BothWays</ChoiceMode>
			<DefaultListForm/>
			<DefaultChoiceForm/>
			<AuxiliaryListForm/>
			<AuxiliaryChoiceForm/>
			<ListPresentation/>
			<ExtendedListPresentation/>
			<Explanation/>
			<ChoiceHistoryOnInput>Auto</ChoiceHistoryOnInput>
		</Properties>
		<ChildObjects>
			<EnumValue uuid="c138952c-ef84-4af1-85c8-d6e118ff2808">
				<Properties>
					<Name>Красный</Name>
					<Synonym>
						<v8:item>
							<v8:lang>ru</v8:lang>
							<v8:content>Красный</v8:content>
						</v8:item>
					</Synonym>
					<Comment/>
				</Properties>
			</EnumValue>
			<EnumValue uuid="3ac7bf3e-46db-44cb-acb5-2434682712a0">
				<Properties>
					<Name>Синий</Name>
					<Synonym>
						<v8:item>
							<v8:lang>ru</v8:lang>
							<v8:content>Синий</v8:content>
						</v8:item>
					</Synonym>
					<Comment/>
				</Properties>
			</EnumValue>
			<EnumValue uuid="3b726ec2-1557-4d29-891a-3cf2f023e7c9">
				<Properties>
					<Name>Желтый</Name>
					<Synonym>
						<v8:item>
							<v8:lang>ru</v8:lang>
							<v8:content>Желтый</v8:content>
						</v8:item>
					</Synonym>
					<Comment/>
				</Properties>
			</EnumValue>
			<EnumValue uuid="84099636-8188-4b1f-b39f-005f45b6e83e">
				<Properties>
					<Name>Зеленый</Name>
					<Synonym>
						<v8:item>
							<v8:lang>ru</v8:lang>
							<v8:content>Зеленый</v8:content>
						</v8:item>
					</Synonym>
					<Comment/>
				</Properties>
			</EnumValue>
			<EnumValue uuid="ca10bf72-6f28-46c1-9461-f1c2b72a8638">
				<Properties>
					<Name>Коричневый</Name>
					<Synonym>
						<v8:item>
							<v8:lang>ru</v8:lang>
							<v8:content>Коричневый</v8:content>
						</v8:item>
					</Synonym>
					<Comment/>
				</Properties>
			</EnumValue>
		</ChildObjects>
	</Enum>
</MetaDataObject>