﻿<?xml version="1.0" encoding="UTF-8"?>
<MetaDataObject xmlns="http://v8.1c.ru/8.3/MDClasses" xmlns:app="http://v8.1c.ru/8.2/managed-application/core" xmlns:cfg="http://v8.1c.ru/8.1/data/enterprise/current-config" xmlns:cmi="http://v8.1c.ru/8.2/managed-application/cmi" xmlns:ent="http://v8.1c.ru/8.1/data/enterprise" xmlns:lf="http://v8.1c.ru/8.2/managed-application/logform" xmlns:style="http://v8.1c.ru/8.1/data/ui/style" xmlns:sys="http://v8.1c.ru/8.1/data/ui/fonts/system" xmlns:v8="http://v8.1c.ru/8.1/data/core" xmlns:v8ui="http://v8.1c.ru/8.1/data/ui" xmlns:web="http://v8.1c.ru/8.1/data/ui/colors/web" xmlns:win="http://v8.1c.ru/8.1/data/ui/colors/windows" xmlns:xen="http://v8.1c.ru/8.3/xcf/enums" xmlns:xpr="http://v8.1c.ru/8.3/xcf/predef" xmlns:xr="http://v8.1c.ru/8.3/xcf/readable" xmlns:xs="http://www.w3.org/2001/XMLSchema" xmlns:xsi="http://www.w3.org/2001/XMLSchema-instance" version="2.20">
	<InformationRegister uuid="a2b62499-5fb3-4f7d-b3b5-6a5cf574e7b5">
		<InternalInfo>
			<xr:GeneratedType name="InformationRegisterRecord.СтатусыПерекрестков" category="Record">
				<xr:TypeId>23b13a1e-b8b0-4aa9-b62f-928aa3df89d7</xr:TypeId>
				<xr:ValueId>ab824bef-1d25-4265-a36a-6f9b7f7fddd5</xr:ValueId>
			</xr:GeneratedType>
			<xr:GeneratedType name="InformationRegisterManager.СтатусыПерекрестков" category="Manager">
				<xr:TypeId>eef4ae7e-666d-4da3-89a7-e6db6c6ff3dc</xr:TypeId>
				<xr:ValueId>f44e98bc-28d1-4929-b5a5-0762128af127</xr:ValueId>
			</xr:GeneratedType>
			<xr:GeneratedType name="InformationRegisterSelection.СтатусыПерекрестков" category="Selection">
				<xr:TypeId>6c702d3d-5ebe-4ef5-94a5-787bbc00491d</xr:TypeId>
				<xr:ValueId>f69cc915-d720-44b2-a850-f0d283a4c99d</xr:ValueId>
			</xr:GeneratedType>
			<xr:GeneratedType name="InformationRegisterList.СтатусыПерекрестков" category="List">
				<xr:TypeId>bcfc1e5e-7e15-4400-8203-ac49ba9ec515</xr:TypeId>
				<xr:ValueId>30766ac7-26be-4b78-9cad-0a72cd81db6f</xr:ValueId>
			</xr:GeneratedType>
			<xr:GeneratedType name="InformationRegisterRecordSet.СтатусыПерекрестков" category="RecordSet">
				<xr:TypeId>ad7cf5b0-f346-4d1f-a238-c6f9c53cb95c</xr:TypeId>
				<xr:ValueId>b811c530-26fa-4929-a3b7-80c96db3fee4</xr:ValueId>
			</xr:GeneratedType>
			<xr:GeneratedType name="InformationRegisterRecordKey.СтатусыПерекрестков" category="RecordKey">
				<xr:TypeId>803002d6-63b9-489d-a58f-3337e087ac67</xr:TypeId>
				<xr:ValueId>edb26c55-0e77-435a-a27c-733ec8e51403</xr:ValueId>
			</xr:GeneratedType>
			<xr:GeneratedType name="InformationRegisterRecordManager.СтатусыПерекрестков" category="RecordManager">
				<xr:TypeId>07d63b89-e3d0-4994-ac02-3f20a2d5c35f</xr:TypeId>
				<xr:ValueId>8ace7e89-0752-4a14-9f0a-0c29b27ffc13</xr:ValueId>
			</xr:GeneratedType>
		</InternalInfo>
		<Properties>
			<Name>СтатусыПерекрестков</Name>
			<Synonym>
				<v8:item>
					<v8:lang>ru</v8:lang>
					<v8:content>Статусы перекрестков</v8:content>
				</v8:item>
			</Synonym>
			<Comment/>
			<UseStandardCommands>true</UseStandardCommands>
			<EditType>InDialog</EditType>
			<DefaultRecordForm/>
			<DefaultListForm/>
			<AuxiliaryRecordForm/>
			<AuxiliaryListForm/>
			<InformationRegisterPeriodicity>Nonperiodical</InformationRegisterPeriodicity>
			<WriteMode>Independent</WriteMode>
			<MainFilterOnPeriod>false</MainFilterOnPeriod>
			<IncludeHelpInContents>false</IncludeHelpInContents>
			<DataLockControlMode>Managed</DataLockControlMode>
			<FullTextSearch>DontUse</FullTextSearch>
			<EnableTotalsSliceFirst>false</EnableTotalsSliceFirst>
			<EnableTotalsSliceLast>false</EnableTotalsSliceLast>
			<RecordPresentation/>
			<ExtendedRecordPresentation/>
			<ListPresentation/>
			<ExtendedListPresentation/>
			<Explanation/>
			<DataHistory>DontUse</DataHistory>
			<UpdateDataHistoryImmediatelyAfterWrite>false</UpdateDataHistoryImmediatelyAfterWrite>
			<ExecuteAfterWriteDataHistoryVersionProcessing>false</ExecuteAfterWriteDataHistoryVersionProcessing>
		</Properties>
		<ChildObjects>
			<Resource uuid="30b3f35d-4771-4b56-a417-04991cac8da4">
				<Properties>
					<Name>Объект</Name>
					<Synonym>
						<v8:item>
							<v8:lang>ru</v8:lang>
							<v8:content>Объект</v8:content>
						</v8:item>
					</Synonym>
					<Comment/>
					<Type>
						<v8:Type>cfg:CatalogRef.Строительство</v8:Type>
					</Type>
					<PasswordMode>false</PasswordMode>
					<Format/>
					<EditFormat/>
					<ToolTip/>
					<MarkNegatives>false</MarkNegatives>
					<Mask/>
					<MultiLine>false</MultiLine>
					<ExtendedEdit>false</ExtendedEdit>
					<MinValue xsi:nil="true"/>
					<MaxValue xsi:nil="true"/>
					<FillFromFillingValue>false</FillFromFillingValue>
					<FillValue xsi:nil="true"/>
					<FillChecking>DontCheck</FillChecking>
					<ChoiceFoldersAndItems>Items</ChoiceFoldersAndItems>
					<ChoiceParameterLinks/>
					<ChoiceParameters/>
					<QuickChoice>Auto</QuickChoice>
					<CreateOnInput>Auto</CreateOnInput>
					<ChoiceForm/>
					<LinkByType/>
					<ChoiceHistoryOnInput>Auto</ChoiceHistoryOnInput>
					<Indexing>DontIndex</Indexing>
					<FullTextSearch>Use</FullTextSearch>
					<DataHistory>Use</DataHistory>
				</Properties>
			</Resource>
			<Resource uuid="78dcd6f3-d738-4395-8281-163b898fe5e0">
				<Properties>
					<Name>Игрок</Name>
					<Synonym>
						<v8:item>
							<v8:lang>ru</v8:lang>
							<v8:content>Игрок</v8:content>
						</v8:item>
					</Synonym>
					<Comment/>
					<Type>
						<v8:Type>cfg:EnumRef.Игроки</v8:Type>
					</Type>
					<PasswordMode>false</PasswordMode>
					<Format/>
					<EditFormat/>
					<ToolTip/>
					<MarkNegatives>false</MarkNegatives>
					<Mask/>
					<MultiLine>false</MultiLine>
					<ExtendedEdit>false</ExtendedEdit>
					<MinValue xsi:nil="true"/>
					<MaxValue xsi:nil="true"/>
					<FillFromFillingValue>false</FillFromFillingValue>
					<FillValue xsi:nil="true"/>
					<FillChecking>DontCheck</FillChecking>
					<ChoiceFoldersAndItems>Items</ChoiceFoldersAndItems>
					<ChoiceParameterLinks/>
					<ChoiceParameters/>
					<QuickChoice>Auto</QuickChoice>
					<CreateOnInput>Auto</CreateOnInput>
					<ChoiceForm/>
					<LinkByType/>
					<ChoiceHistoryOnInput>Auto</ChoiceHistoryOnInput>
					<Indexing>DontIndex</Indexing>
					<FullTextSearch>Use</FullTextSearch>
					<DataHistory>Use</DataHistory>
				</Properties>
			</Resource>
			<Dimension uuid="2777dfc1-4226-4bf9-9d38-06afeb7f04cc">
				<Properties>
					<Name>Перекресток</Name>
					<Synonym>
						<v8:item>
							<v8:lang>ru</v8:lang>
							<v8:content>Перекресток</v8:content>
						</v8:item>
					</Synonym>
					<Comment/>
					<Type>
						<v8:Type>cfg:CatalogRef.Перекрестки</v8:Type>
					</Type>
					<PasswordMode>false</PasswordMode>
					<Format/>
					<EditFormat/>
					<ToolTip/>
					<MarkNegatives>false</MarkNegatives>
					<Mask/>
					<MultiLine>false</MultiLine>
					<ExtendedEdit>false</ExtendedEdit>
					<MinValue xsi:nil="true"/>
					<MaxValue xsi:nil="true"/>
					<FillFromFillingValue>true</FillFromFillingValue>
					<FillValue xsi:nil="true"/>
					<FillChecking>DontCheck</FillChecking>
					<ChoiceFoldersAndItems>Items</ChoiceFoldersAndItems>
					<ChoiceParameterLinks/>
					<ChoiceParameters/>
					<QuickChoice>Auto</QuickChoice>
					<CreateOnInput>Auto</CreateOnInput>
					<ChoiceForm/>
					<LinkByType/>
					<ChoiceHistoryOnInput>Auto</ChoiceHistoryOnInput>
					<Master>true</Master>
					<MainFilter>true</MainFilter>
					<DenyIncompleteValues>false</DenyIncompleteValues>
					<Indexing>DontIndex</Indexing>
					<FullTextSearch>Use</FullTextSearch>
					<DataHistory>Use</DataHistory>
					<TypeReductionMode>TransformValues</TypeReductionMode>
				</Properties>
			</Dimension>
		</ChildObjects>
	</InformationRegister>
</MetaDataObject>